food,quantity,unit,calories,protein,carbs,fat
"LUSCIOUS SQUARES CHOCOLATE, VERY CRANBERRY",100,g,441.0,8.82,61.76,20.59
"BERRY ALMOND FRUIT + NUT BAR, BERRY ALMOND",100,g,367.0,8.16,55.1,18.37
ORGANIC EXTRA THICK ROLLED OATS,100,g,382.0,12.73,69.09,5.45
"PEANUT BUTTER COOKIES, PEANUT BUTTER",100,g,474.0,5.26,63.16,21.05
ULTRA-PASTEURIZED VITAMIN D MILK,100,g,67.0,3.33,5.42,3.75
ULTRA THIN CRUST ITALIAN SAUSAGE PIZZA,100,g,231.0,10.9,17.95,12.82
"CLASSIC WAFFLE CONES, CLASSIC",100,g,400.0,5.0,90.0,0.0
"LINDT, LINDOR, MILK CHOCOLATE TRUFFLES",100,g,611.0,5.56,44.44,47.22
"SPICY SHRIMP CALI ROLL WR, SPICY SHRIMP CALI",100,g,152.0,4.6,24.71,4.02
BLACK CHIA SEEDS,100,g,533.0,13.33,40.0,33.33
UNCOOKED CHICKEN PARTY WINGS,100,g,195.0,15.93,0.0,14.16
HAMBURGER ENRICHED BUNS,100,g,282.0,10.26,53.85,2.56
"STRAWBERRY ORGANIC KIDS, STRAWBERRY",100,g,89.0,3.57,14.29,1.79
"PRICE CHOPPER, DARK CAPPUCCINO DRINK MIX",100,g,400.0,0.0,66.67,13.33
"NO BEANS CHILI, NO BEANS",100,g,221.0,8.2,8.2,17.62
MILK CHOCOLATE COVERED PRETZELS,100,g,425.0,5.0,60.0,17.5
"BIG 100 MEAL REPLACEMENT BAR, PEANUT BUTTER PRETZEL",100,g,410.0,30.0,47.0,12.0
"PEANUT BUTTER & CHOCOLATE FLAVORED PREMIUM CUPCAKE MIX, PEANUT BUTTER & CHOCOLATE",100,g,412.0,5.88,82.35,7.35
"7 SELECT, HONEY ROASTED CASHEWS",100,g,464.0,7.14,64.29,25.0
BLACKEYE PEAS,100,g,62.0,3.85,10.77,0.0
ORANGE MARMALADE,100,g,300.0,0.0,75.0,0.0
"PREMIUM SANDWICHES, BLACK FOREST HAM & CHEDDAR PRETZEL ROLL",100,g,179.0,11.11,23.93,4.27
ULTRA-PASTEURIZED HEAVY WHIPPING CREAM,100,g,333.0,0.0,6.67,33.33
"BUNNY BAIT TRAIL MIX WITH HONEY-ROASTED PEANUTS, WHITE CHOCOLATE-COVERED PRETZEL BALLS, M&M'S MILK CHOCOLATE CANDIES, CONFETTI COOKIE PIECES, RAISINS & MARSHMALLOWS, BUNNY BAIT",100,g,516.0,12.9,54.84,29.03
POTATO SALAD,100,g,217.0,1.67,16.67,15.83
"COLBY JACK COLBY AND MONTEREY JACK CHEESE, COLBY JACK",100,g,393.0,21.43,3.57,32.14
GREEN OLIVES,100,g,80.0,8.0,4.0,8.0
"BROWN ANCIENT GRAIN OF ETHIOPIA, BROWN",100,g,383.0,10.64,80.85,2.13
"HOT SWEET DILL PICKLES, HOT SWEET",100,g,45.0,0.0,10.71,0.0
LABNEH MIDDLE EASTERN STYLE SPREADABLE CHEESE,100,g,161.0,10.71,7.14,10.71
"PINES, BEET JUICE POWDER",100,g,333.0,16.67,83.33,0.0
"KIMCHI PREMIUM FERMENTED NAPA CABBAGE, SPICY",100,g,36.0,3.57,3.57,0.0
"SPARKLING WATER BEVERAGE, CHERRY, LEMONADE, CHERRY, LEMONADE",100,g,0.0,0.0,0.0,0.0
"H-E-B, APPLE SAUCE, ORIGINAL",100,g,71.0,0.0,17.7,0.0
"100% WHOLE WHEAT HEARTY HOMESTYLE BREAD, 100% WHOLE WHEAT",100,g,250.0,10.71,46.43,3.57
SOFT & SMOOTH WHITE BREAD,100,g,228.0,8.77,45.61,2.63
"PUDDING, VANILLA",100,g,108.0,1.54,20.0,3.46
CINNAMON CRUNCHY COOKIES,100,g,545.0,4.55,59.09,36.36
"CHEDDAR POPPED POTATO SNACK CHIPS, CHEDDAR",100,g,429.0,7.14,67.86,14.29
"CAESAR DRESSING, CAESAR",100,g,567.0,3.33,3.33,60.0
"GALERIE, BRACH'S CANDY",100,g,400.0,0.0,93.33,0.0
ORGANIC SPLIT EMMER FARRO,100,g,362.0,12.77,72.34,2.13
EXTRA VIRGIN OLIVE OIL,100,g,800.0,0.0,0.0,93.33
GARLIC & HERB PARMESAN QUINOA,100,g,179.0,7.14,28.57,3.57
"ROLAND, MANGO SLICES IN LIGHT SYRUP",100,g,64.0,0.71,15.71,0.0
"GREEK INSPIRED HUMMUS, GREEK INSPIRED",100,g,286.0,7.14,17.86,21.43
647 ITALIAN BREAD,100,g,143.0,7.14,46.43,3.57
"GOAT CHEESE, GOAT",100,g,321.0,25.0,3.57,35.71
TUNA VENTRESCA IN OLIVE OIL,100,g,235.0,24.71,0.0,14.12
GOURMET MARGARITA MIX,100,g,98.0,0.0,24.24,0.0
"PEELED & DEVEINED, TAIL-OFF SMALL RAW SHRIMP",100,g,71.0,13.39,1.79,1.79
FUDGE REVEL ICE CREAM,100,g,215.0,3.08,27.69,10.77
PURIFIED WATER WITH ELECTROLYTES,100,g,0.0,0.0,0.0,0.0
HERBS & SPICES,100,g,233.0,6.67,3.33,23.33
Good & Gather Organic Thompson Raisins 6-Pack/1oz Cartons,100,g,290.0,3.0,78.0,0.0
"UDI'S, SOFT & WHOLESOME PLAIN TORTILLAS",100,g,225.0,7.5,37.5,5.0
"SEA SALT VEGETABLE AND POTATO SNACK, SEA SALT",100,g,464.0,3.57,60.71,25.0
LEMON RASPBERRY GRANOLA,100,g,441.0,8.47,74.58,11.86
"PINK LEMONADE FROZEN CONCENTRATE, PINK LEMONADE",100,g,244.0,0.0,64.44,0.0
ALL PURPOSE FLOUR,100,g,355.0,9.68,74.19,0.0
"VANILLA & ALMONDS FLAVORED GRANOLA, VANILLA & ALMONDS",100,g,442.0,9.3,72.09,13.95
"MICROWAVE MOVIE THEATER BUTTER POPCORN, MOVIE THEATER BUTTER",100,g,515.0,6.06,51.52,30.3
BROWN FLAXSEED,100,g,577.0,23.08,30.77,38.46
"RAM GOAT MANNISH WATER FLAVORED JAMAICAN SOUP MIX, RAM GOAT MANNISH WATER",100,g,200.0,8.0,44.0,0.0
"IBERIA RICE & BLACK BEANS, 3.4 LB",100,g,133.0,4.44,31.11,0.0
"CHOCOLATE FUDGE BROWNIE, CHOCOLATE FUDGE",100,g,395.0,63.16,21.05,7.89
"WHOLE CHERRIES, DIPPED IN RICH DARK CHOCOLATE",100,g,433.0,3.33,70.0,20.0
Kellogg's Frosted Flakes Cereal Multi Grain 1oz,100,g,362.0,7.8,87.3,1.3
"FRESHLY FROZEN UNSWEETENED BLUEBERRIES, UNSWEETENED",100,g,50.0,0.0,12.14,0.71
CROUTONS,100,g,429.0,14.29,71.43,14.29
"SUNKIN SEEDS, BBQ",100,g,571.0,25.0,17.86,50.0
"CHEESE CRACKER SANDWICHES BITS, CHEESE",100,g,516.0,6.45,61.29,29.03
"RAP, PROTEIN GUMMIES, STRAWBERRY",100,g,247.0,27.4,47.95,0.0
FALL CHOCOLATE PRETZELS,100,g,470.0,7.5,72.5,17.5
"Hardwood Smoked Peppered Center Cut Bacon Layered-Fresh Packed 1/8"" 15#",100,g,429.0,35.71,0.0,32.14
"ORGANIC & COLD-PRESSED FRUIT AND VEGGIE BLENDS, JUST RIGHT OATS",100,g,77.0,1.1,18.68,0.55
MEDIUM CANTINA STYLE SALSA,100,g,17.0,0.0,6.9,0.0
"CHERRY, LEMON, BLUE RASPBERRY RED, WHITE & BLUE POPS, CHERRY, LEMON, BLUE RASPBERRY",100,g,68.0,0.0,18.37,0.0
"BOURBON AGED ORGANIC MAPLE SYRUP, BOURBON AGED",100,g,333.0,0.0,86.67,0.0
CHOCOLATE REDUCED CALORIE INSTANT PUDDING,100,g,400.0,0.0,80.0,0.0
UNSWEET ULTRA  SOY PROTEIN BEVERAGE,100,g,75.0,8.33,2.08,3.75
Kellogg's Rice Krispies Treats Squares Cocoa With M&M 1.94oz,100,g,438.0,4.2,71.6,15.1
"100% EXTRA VIRGIN OLIVE OIL COOKING SPRAY, 100% EXTRA VIRGIN OLIVE OIL",100,g,0.0,0.0,0.0,0.0
PUMPKIN WALNUT BREAD,100,g,281.0,10.53,49.12,4.39
Deep Applewood Smoked Center Cut Bacon-Layered-Gas Flushed 10/12 15#,100,g,471.0,35.29,0.0,35.29
JUMBO SEA SALT CASHEWS,100,g,571.0,17.86,32.14,50.0
"BLUEBERRY WAFFLE CONE FLAVORED PROTEIN BARS, BLUEBERRY WAFFLE CONE",100,g,371.0,32.26,43.55,9.68
"BASIL PESTO TILAPIA, BASIL PESTO",100,g,118.0,17.65,0.98,4.9
SEED SESAME,100,g,633.0,20.0,13.33,60.0
"ROASTED AND SALTED HALVES AND PIECES CASHEWS, ROASTED AND SALTED",100,g,643.0,17.86,32.14,50.0
"VANILLA LATTE ENHANCED COFFEE, VANILLA LATTE",100,g,19.0,2.78,0.83,0.69
"CAJUN-SEASONED SHRIMP AND SAUSAGE, CAJUN-SEASONED",100,g,125.0,13.28,2.34,6.25
"DOLCETTO PETITES, COOKIES & CREAM WAFER BITES",100,g,500.0,10.0,60.0,25.0
"CHEESE CRISPS, CHEDDAR",100,g,500.0,40.0,0.0,40.0
"STRAWBERRY WHEY ISOLATE PROTEIN , STRAWBERRY",100,g,387.0,64.52,22.58,3.23
"WEIS QUALITY, CLASSIC EGG NOODLES, POT PIE SQUARES, ENRICHED NOODLE PRODUCT",100,g,393.0,14.29,71.43,5.36
VEGETABLE OIL SPREAD,100,g,429.0,0.0,0.0,50.0
"MALHER, HILACHAS STYLE SAUCE",100,g,308.0,15.38,61.54,0.0
CREAM BARS,100,g,155.0,2.82,23.94,5.63
"CHEDDAR EXTRA SHARP CHEESE, CHEDDAR",100,g,393.0,25.0,3.57,32.14
"LIGHT HOUSE ITALIAN DRESSING, LIGHT HOUSE ITALIAN",100,g,78.0,0.0,9.38,3.12
SPICY DILL PORK RINDS,100,g,500.0,57.14,7.14,32.14
"BEEF PASTA & SEASONED BEEF SAUCE MIX, BEEF",100,g,344.0,12.5,68.75,0.0
"1202: Muffins, Whole Grain, Banana, Reduced Fat, Individually Wrapped, Retail. USDA Smart Snack Approved. Kosher KVH-D",100,g,281.0,5.26,49.12,7.02
UNSWEETENED APPLESAUCE,100,g,48.0,0.0,14.29,0.0
"BAR-B-Q SAUCE, SWEET & MILD",100,g,132.0,2.63,31.58,0.0
STREET TACO CARNITAS SEASONING MIX,100,g,286.0,0.0,57.14,0.0
IODIZED SALT,100,g,0.0,0.0,0.0,0.0
"SHELLED PUMPKIN SEEDS, HONEY ROASTED",100,g,533.0,20.0,26.67,43.33
"ANGUS BEEF UNCURED FRANKS, ANGUS BEEF",100,g,320.0,12.0,2.0,28.0
"UDI'S GLUTEN FREE, GRANOLA, CRANBERRY, CRANBERRY",100,g,433.0,10.0,70.0,16.67
ORGANIC GOLDEN FLAX SEED MEAL,100,g,562.0,18.75,31.25,43.75
TURKEY WINGS,100,g,161.0,20.54,0.89,7.14
"HARD SALAMI SMOKE FLAVOR CRACKER CUTS, HARD SALAMI",100,g,429.0,21.43,3.57,35.71
"WATERMELON VERY CHERRY BLUEBERRY GOURMET CANDY CANES, WATERMELON VERY CHERRY BLUEBERRY",100,g,375.0,0.0,100.0,0.0
CHLORELLA UDON NOODLES,100,g,345.0,9.09,72.73,1.82
FANCY CRACKERS,100,g,400.0,6.67,73.33,10.0
"PREMIUM EGG ROLLS, WHITE MEAT CHICKEN",100,g,176.0,8.24,22.35,5.29
"TART AND TANGY PEAR FROZEN KEFIR BARS, TART AND TANGY PEAR",100,g,130.0,4.35,23.91,1.09
"PINA COLADA NON-ALCOHOLIC DRINK MIX FROM CONCENTRATE, PINA COLADA",100,g,283.0,0.0,58.33,6.67
QUESO COTIJA SKIM MILK CHEESE,100,g,321.0,25.0,0.0,21.43
ORGANIC 100% WHOLE WHEAT BREAD,100,g,267.0,8.89,48.89,3.33
"KROGER, X-TREME ROLLED TORTILLA CHIPS, SALSA PICANTE",100,g,500.0,7.14,60.71,28.57
ORGANIC BLACK BEAN PENNE,100,g,376.0,25.88,64.71,1.76
"CLASSIC SUPREME WHOLE MILK MOZZARELLA AND PROVOLONE CHEESES, ROASTED VEGETABLES, SAUSAGE, AND PEPPERONI WITH A TOMATO SAUCE ON A CRUST LARGE TAKE & BAKE PIZZA, CLASSIC SUPREME",100,g,259.0,9.63,25.19,12.59
"3-CHEESE MAC GLUTEN FREE OAT NOODLES + SMOKED GOUDA + VERMONT WHITE CHEDDAR + MILD CHEDDAR CHEESE, 3-CHEESE MAC",100,g,167.0,6.61,18.06,7.49
PRE STEAMED VEGETABLE & PORK DUMPLING,100,g,188.0,7.64,22.22,8.33
HAMBURGER ROLLS,100,g,256.0,9.3,48.84,4.65
RED TEA,100,g,0.0,0.0,0.0,0.0
Go-Gurt by Yoplait Low Fat Yogurt Berry/Strawberry 32 Count,100,g,150.0,6.08,29.31,0.95
FRUIT MEDLEY IN PREMIUM CHOCOLATE,100,g,475.0,5.0,65.0,25.0
CHICKEN & POTATO DUMPLINGS WITH SHREDDED CARROTS COVERED IN A RICH CHICKEN VELOUTE,100,g,119.0,9.63,12.22,3.33
GRAPEFRUIT HIBISCUS SPARKLING WATER,100,g,0.0,0.0,0.0,0.0
EXTRA VIRGIN OLIVE OIL,100,g,800.0,0.0,0.0,93.33
"HANNAFORD, FRENCH CUT GREEN BEANS",100,g,29.0,1.18,5.88,0.0
PRICKLY SYRUP,100,g,291.0,0.0,72.15,0.0
TRADITIONAL CRACKERS,100,g,410.0,10.26,76.92,5.13
"WEIS, SLOPPY JOE SAUCE",100,g,55.0,1.56,12.5,0.0
"WATER, ACTIVATED CHARCOAL",100,g,2.0,0.0,0.0,0.0
"FOOD LION, HALF & HALF MILK AND CREAM",100,g,133.0,3.33,3.33,10.0
"HERDEZ, CASERA SALSA, MEDIUM, MEDIUM",100,g,32.0,0.0,6.45,0.0
Yoplait Vanilla Parfait Pro with Low Fat Yogurt,100,g,72.0,3.61,13.18,0.54
ICE CREAM SANDWICHES,100,g,286.0,4.76,46.03,9.52
"ALMONDS & COCONUT NUT BARS, ALMOND & COCONUT",100,g,500.0,10.0,47.5,32.5
"SPANAKOPITA A RICH AND SAVORY BLEND OF SPINACH AND CHEESE, HAND-WRAPPED IN LAYERS OF LIGHT, FLAKY PHYLLO DOUGH, SPANAKOPITA",100,g,247.0,8.24,31.76,9.41
"SALTED CARAMEL MARSHMALLOW HOT COCOA TOPPERS, SALTED CARAMEL",100,g,400.0,0.0,75.0,10.0
FULLY COOKED GLAZED LIGHTLY BREADED CHICKEN BREAST WITH RIB MEAT BUFFALO STYLE TENDERS,100,g,178.0,13.7,12.33,6.16
CHICKEN PARMESAN WITH LINGUINE,100,g,143.0,10.0,15.71,4.29
ALL NATURAL BARBECUE FLAVORED POTATO CHIPS,100,g,536.0,7.14,53.57,32.14
ORGANIC RAW SUNFLOWER SEEDS,100,g,571.0,21.43,21.43,50.0
"GINGERBREAD COOKIE, GINGERBREAD",100,g,386.0,14.04,49.12,14.04
KIDS PROTEIN BAR,100,g,394.0,21.21,45.45,13.64
SEASONED CROUTONS,100,g,429.0,14.29,57.14,21.43
Stokely's No Salt Mixed Sieve Peas 15oz,100,g,40.0,2.4,8.0,0.0
"MOZZARELLA, WHITE CHEDDAR, PROVOLONE AND PARMESAN CHEESES WHOLE GRAIN CRUST, FOUR CHEESE",100,g,246.0,11.9,29.37,9.52
HANDMADE BAKED GOODS SUGAR COOKIES,100,g,421.0,1.75,77.19,12.28
"STOUFFER'S, RIGATONI WITH CHICKEN & PESTO",100,g,193.0,10.71,17.86,8.57
"VANILLA LOW FAT ICE CREAM BETWEEN CHOCOLATE FLAVORED WAFERS SANDWICH, VANILLA",100,g,218.0,5.45,47.27,2.73
SHARP WHITE CHEDDAR SHREDDED CHEESE,100,g,393.0,25.0,0.0,32.14
LA CHOY Rice Noodles,100,g,464.0,7.14,75.0,14.29
COCKTAIL COLOMBIAN EMPANADAS,100,g,243.0,2.7,24.32,13.51
CLASSIC YELLOW SUGAR FREE PREMIUM CAKE MIX,100,g,311.0,4.44,82.22,4.44
"MAPLE GROVE FARMS OF VERMONT, ASIAGO & GARLIC DRESSING",100,g,133.0,0.0,6.67,11.67
COHO SALMON FILLETS,100,g,177.0,17.7,0.0,11.5
SPARKLING WATER,100,g,0.0,0.0,0.0,0.0
ROASTED GARLIC HUMMUS,100,g,429.0,14.29,42.86,28.57
"NATURALLY HICKORY SMOKED BACON, HICKORY SMOKED",100,g,500.0,44.44,0.0,38.89
"TAHOE TWIST SODA, LEMON LIME",100,g,42.0,0.0,11.27,0.0
"ICED COFFEE BEVERAGE, VANILLA",100,g,58.0,0.83,11.25,1.04
"ORIGINAL 100% ORANGE JUICE FROZEN CONCENTRATE, ORIGINAL",100,g,183.0,0.0,45.0,0.0
"MADAGASCAR ORIGIN BELGIAN MILK CHOCOLATE, 32% COCOA, MADAGASCAR ORIGIN",100,g,579.0,7.89,52.63,39.47
"PEANUT BUTTER NON-DAIRY FROZEN DESSERT, PEANUT BUTTER",100,g,177.0,1.61,32.26,8.06
ANGUS ROAST BEEF & CHEDDAR PINWHEELS,100,g,214.0,14.5,11.45,11.45
"POTATO CHIPS, SOUTHERN BISCUITS & GRAVY",100,g,571.0,7.14,53.57,35.71
CHOCOLATE QUICK DISSOLVING PROTEIN PAKS POWDER,100,g,351.0,70.18,10.53,3.51
"VANILLA SANDWICH COOKIES, VANILLA",100,g,486.0,5.41,72.97,18.92
"CITRUS SMOOTHIES, CHERRY BERRY CITRUS, CHERRY BERRY CITRUS",100,g,67.0,0.83,15.42,0.0
HALF & HALF,100,g,117.0,3.33,3.33,10.0
"STRAWBERRY GINGER LEMONADE FRUIT JUICE DRINK BLEND, STRAWBERRY GINGER",100,g,7.0,0.0,1.69,0.0
