fdc_id,description,calories,carbs,fat,protein
321358,"Hummus, commercial",229.0,14.9,17.1,7.35
321360,"Tomatoes, grape, raw",27.0,5.51,0.63,0.83
321611,"Beans, snap, green, canned, regular pack, drained solids",21.0,4.11,0.39,1.04
323121,"Frankfurter, beef, unheated",314.0,2.89,28.0,11.7
323294,"Nuts, almonds, dry roasted, with salt added",620.0,16.2,57.8,20.4
323505,"Kale, raw",35.0,4.42,1.49,2.92
323604,"Egg, whole, raw, frozen, pasteurized",150.0,0.91,10.3,12.3
323697,"Egg, white, raw, frozen, pasteurized",48.0,0.74,0.16,10.1
323793,"Egg, white, dried",376.0,6.02,0.65,79.9
324317,"Onion rings, breaded, par fried, frozen, prepared, heated in oven",288.0,36.3,14.4,4.52
324653,"Pickles, cucumber, dill or kosher dill",12.0,1.99,0.43,0.48
325036,"Cheese, parmesan, grated",421.0,12.4,28.0,29.6
325198,"Cheese, pasteurized process, American, vitamin D fortified",366.0,5.27,30.6,18.0
325287,"Grapefruit juice, white, canned or bottled, unsweetened",37.0,7.59,0.7,0.55
325430,"Peaches, yellow, raw",42.0,10.1,0.27,0.91
325524,"Seeds, sunflower seed kernels, dry roasted, with salt added",612.0,17.1,56.1,21.0
326196,"Kale, frozen, cooked, boiled, drained, without salt",36.0,5.3,1.21,2.94
326698,"Mustard, prepared, yellow",61.0,5.3,3.38,4.25
327046,"Kiwifruit, green, raw",58.0,14.0,0.44,1.06
327357,"Nectarines, raw",39.0,9.18,0.28,1.06
328637,"Cheese, cheddar",408.0,2.44,34.0,23.3
328841,"Cheese, cottage, lowfat, 2% milkfat",84.0,4.31,2.3,11.0
329370,"Cheese, mozzarella, low moisture, part-skim",298.0,4.44,20.4,23.7
329490,"Egg, whole, dried",575.0,1.87,39.8,48.1
329596,"Egg, yolk, raw, frozen, pasteurized",296.0,0.59,25.1,15.6
329716,"Egg, yolk, dried",654.0,1.07,55.5,34.2
330137,"Yogurt, Greek, plain, nonfat",61.0,3.64,0.37,10.3
330415,"Yogurt, Greek, strawberry, nonfat",83.0,12.2,0.15,8.06
330458,"Oil, coconut",833.0,0.84,99.1,0.0
331897,"Chicken, broilers or fryers, drumstick, meat only, cooked, braised",156.0,0.0,5.95,23.9
331960,"Chicken, broiler or fryers, breast, skinless, boneless, meat only, cooked, braised",166.0,0.0,3.24,32.1
332282,"Sauce, pasta, spaghetti/marinara, ready-to-serve",45.0,8.05,1.48,1.41
332397,"Ham, sliced, pre-packaged, deli meat (96%fat free, water added)",106.0,0.27,3.73,16.7
332791,"Olives, green, Manzanilla, stuffed with pimiento",130.0,4.96,12.9,1.15
333008,"Cookies, oatmeal, soft, with raisins",430.0,69.6,14.3,5.79
333281,"Tomatoes, canned, red, ripe, diced",18.0,3.32,0.5,0.84
333374,"Fish, haddock, raw",74.0,0.0,0.45,16.3
333476,"Fish, pollock, raw",56.0,0.0,0.41,12.3
334194,"Fish, tuna, light, canned in water, drained solids",90.0,0.08,0.94,19.0
334536,"Restaurant, Chinese, fried rice, without meat",174.0,32.5,3.19,3.84
334628,"Restaurant, Latino, tamale, pork",174.0,15.8,9.04,7.38
334720,"Restaurant, Latino, pupusas con frijoles (pupusas, bean)",229.0,31.5,9.01,5.59
746758,"Beef, loin, tenderloin roast, separable lean only, boneless, trimmed to 0"" fat, select, cooked, roasted",176.0,0.0,6.36,27.7
746759,"Beef, loin, top loin steak, boneless, lip-on, separable lean only, trimmed to 1/8"" fat, choice, raw",155.0,0.0,6.39,22.8
746760,"Beef, round, eye of round roast, boneless, separable lean only, trimmed to 0"" fat, select, raw",122.0,0.0,2.48,23.4
746761,"Beef, round, top round roast, boneless, separable lean only, trimmed to 0"" fat, select, raw",123.0,0.0,2.41,23.7
746762,"Beef, short loin, porterhouse steak, separable lean only, trimmed to 1/8"" fat, select, raw",145.0,0.0,5.32,22.7
746763,"Beef, short loin, t-bone steak, bone-in, separable lean only, trimmed to 1/8"" fat, choice, cooked, grilled",219.0,0.0,11.4,27.3
746764,"Carrots, frozen, unprepared",37.0,7.92,0.47,0.81
746765,"Cheese, dry white, queso seco",326.0,2.07,24.3,24.5
746766,"Cheese, ricotta, whole milk",157.0,6.86,11.0,7.81
746767,"Cheese, swiss",393.0,1.44,31.0,27.0
746768,"Figs, dried, uncooked",249.0,63.9,0.92,3.3
746769,"Lettuce, cos or romaine, raw",17.0,3.24,0.26,1.24
746770,"Melons, cantaloupe, raw",34.0,8.16,0.18,0.82
746771,"Oranges, raw, navels",47.0,11.8,0.15,0.91
746772,"Milk, lowfat, fluid, 1% milkfat, with added vitamin A and vitamin D",43.0,5.18,0.95,3.38
746773,"Pears, raw, bartlett",57.0,15.1,0.16,0.38
746774,"Restaurant, Chinese, sweet and sour pork",260.0,25.5,13.6,8.88
746775,"Salt, table, iodized",,,,
746776,"Milk, nonfat, fluid, with added vitamin A and vitamin D (fat free or skim)",34.0,4.92,0.08,3.43
746777,"Sauce, salsa, ready-to-serve",29.0,6.74,0.19,1.44
746778,"Milk, reduced fat, fluid, 2% milkfat, with added vitamin A and vitamin D",50.0,4.9,1.9,3.36
746779,"Sausage, breakfast sausage, beef, pre-cooked, unprepared",328.0,3.37,28.7,13.3
746780,"Sausage, Italian, pork, mild, cooked, pan-fried",322.0,2.15,26.2,18.2
746781,"Sausage, pork, chorizo, link or ground, cooked, pan-fried",346.0,2.63,28.1,19.3
746782,"Milk, whole, 3.25% milkfat, with added vitamin D",60.0,4.63,3.2,3.27
746783,"Sausage, turkey, breakfast links, mild, raw",169.0,0.93,10.4,16.7
746784,"Sugars, granulated",385.0,99.6,0.32,0.0
746785,"Turkey, ground, 93% lean, 7% fat, pan-broiled crumbles",220.0,0.0,11.6,27.1
746952,"Ham, sliced, restaurant",121.0,2.36,3.68,19.6
747429,"Cheese, American, restaurant",375.0,6.35,31.1,17.5
747430,"Beans, Dry, Medium Red (0% moisture)",,,1.04,25.5
747431,"Beans, Dry, Red (0% moisture)",,,1.16,21.3
747432,"Beans, Dry, Flor de Mayo (0% moisture)",,,0.86,23.3
747433,"Beans, Dry, Brown (0% moisture)",,,1.12,25.6
747434,"Beans, Dry, Tan (0% moisture)",,,1.14,26.8
747435,"Beans, Dry, Light Tan (0% moisture)",,,1.28,24.6
747436,"Beans, Dry, Carioca (0% moisture)",,,1.44,25.2
747437,"Beans, Dry, Cranberry (0% moisture)",,,1.23,24.4
747438,"Beans, Dry, Light Red Kidney (0% moisture)",,,1.03,25.0
747439,"Beans, Dry, Pink (0% moisture)",,,1.2,23.4
747440,"Beans, Dry, Dark Red Kidney (0% moisture)",,,1.31,25.9
747441,"Beans, Dry, Navy (0% moisture)",,,1.51,24.1
747442,"Beans, Dry, Small White (0% moisture)",,,1.32,24.5
747443,"Beans, Dry, Small Red (0% moisture)",,,1.28,23.5
747444,"Beans, Dry, Black (0% moisture)",,,1.45,24.4
747445,"Beans, Dry, Pinto (0% moisture)",,,1.24,23.7
747446,"Beans, Dry, Great Northern (0% moisture)",,,1.24,24.7
747447,"Broccoli, raw",31.0,6.27,0.34,2.57
747693,"Ketchup, restaurant",117.0,26.8,0.55,1.11
747997,"Eggs, Grade A, Large, egg white",55.0,2.36,0.0,10.7
748236,"Eggs, Grade A, Large, egg yolk",334.0,1.02,28.8,16.2
748278,"Oil, canola",,,,
748323,"Oil, corn",,,,
748366,"Oil, soybean",,,,
748608,"Oil, olive, extra virgin",,,,
748967,"Eggs, Grade A, Large, egg whole",148.0,0.96,9.96,12.4
749420,"Pork, cured, bacon, cooked, restaurant",500.0,2.1,36.5,40.9
789828,"Butter, stick, unsalted",,,81.5,
789890,"Flour, wheat, all-purpose, enriched, bleached",366.0,77.3,1.48,10.9
789951,"Flour, wheat, all-purpose, enriched, unbleached",358.0,73.2,1.48,13.1
790018,"Flour, wheat, all-purpose, unenriched, unbleached",362.0,74.6,1.7,12.0
790085,"Flour, whole wheat, unenriched",370.0,71.2,2.73,15.1
790146,"Flour, bread, white, enriched, unbleached",363.0,72.8,1.65,14.3
790214,"Flour, rice, white, unenriched",359.0,79.8,1.3,6.94
790276,"Flour, corn, yellow, fine meal, enriched",364.0,80.8,1.74,6.2
790508,"Butter, stick, salted",,,82.2,
790577,"Onions, red, raw",44.0,9.93,0.1,0.94
790646,"Onions, yellow, raw",38.0,8.61,0.05,0.83
1104647,"Garlic, raw",143.0,28.2,0.38,6.62
1104705,"Flour, soy, defatted",366.0,32.9,3.33,51.1
1104766,"Flour, soy, full-fat",452.0,27.9,20.7,38.6
1104812,"Flour, rice, brown",365.25,75.5,3.85,7.19
1104867,"Flour, rice, glutinous",358.0,80.1,1.16,6.69
1104913,"Flour, pastry, unenriched, unbleached",358.0,77.2,1.64,8.75
1104962,"Onions, white, raw",35.0,7.68,0.13,0.89
1105073,"Bananas, overripe, raw",85.0,20.1,0.22,0.73
1105314,"Bananas, ripe and slightly ripe, raw",97.0,23.0,0.29,0.74
1750339,"Apples, red delicious, with skin, raw",,14.7817,0.2125,0.1875
1750340,"Apples, fuji, with skin, raw",,15.6511625,0.1625,0.1484375
1750341,"Apples, gala, with skin, raw",,14.7680875,0.15,0.1328125
1750342,"Apples, granny smith, with skin, raw",,14.142975,0.1375,0.265625
1750343,"Apples, honeycrisp, with skin, raw",,14.6819375,0.1,0.1015625
1750348,"Oil, peanut",,,,
1750349,"Oil, sunflower",,,,
1750350,"Oil, safflower",,,,
1750351,"Oil, olive, extra light",,,,
1999626,"Mushroom, lion's mane",,7.5897,0.2563,2.5
1999627,"Mushroom, oyster",,6.94125,0.1875,2.89875
1999628,"Mushrooms, shiitake",,8.170625,0.195,2.414375
1999629,"Mushrooms, white button",,4.079375,0.3708,2.890625
1999630,"Soy milk, unsweetened, plain, shelf stable",,1.293125,2.125,3.546875
1999631,"Almond milk, unsweetened, plain, shelf stable",,0.3371125,1.221,0.5546875
1999632,"Spinach, baby",,2.406325,0.6188,2.851875
1999633,"Spinach, mature",,2.64135,0.6044,2.90625
1999634,"Tomato, roma",,3.837475,0.425,0.695625
2003586,"Flour, 00",,74.4462,1.52,11.4
2003587,"Flour, spelt, whole grain",,70.723,2.543,14.475
2003588,"Flour, semolina, coarse and semi-coarse",,73.82345,1.597,11.73125
2003589,"Flour, semolina, fine",,71.98575,1.838,13.33125
2003590,"Apple juice, with added vitamin C, from concentrate, shelf stable",,11.3639625,0.2863,0.0859375
2003591,"Orange juice, no pulp, not fortified, from concentrate, refrigerated",,10.340625,0.325,0.734375
2003592,"Grape juice, purple, with added vitamin C, from concentrate, shelf stable",,15.6227875,0.2875,0.2578125
2003593,"Grape juice, white, with added vitamin C, from concentrate, shelf stable",,15.84375,0.265,0.09375
2003594,"Cranberry juice, not fortified, from concentrate, shelf stable",,7.26375,0.3375,0.0
2003595,"Grapefruit juice, red, not fortified, not from concentrate, refrigerated",,9.1021875,0.2669,0.5703125
2003596,"Tomato juice, with added ingredients, from concentrate, shelf stable",,4.320625,0.2875,0.859375
2003597,"Orange juice, no pulp, not fortified, not from concentrate, refrigerated",,10.0124,0.3563,0.8125
2003598,"Mushroom, portabella",,4.6583,0.3117,2.75
2003599,"Mushroom, king oyster",,8.50065,0.3075,2.40625
2003600,"Mushroom, enoki",,8.141425,0.245,2.416875
2003601,"Mushroom, crimini",,4.01455,0.1967,3.09375
2003602,"Mushroom, maitake",,6.604375,0.265,2.203125
2003603,"Mushroom, beech",,6.7593,0.4494,2.18
2003604,"Mushroom, pioppini",,5.7637,0.24,3.5
2257044,"Soy milk, sweetened, plain, refrigerated",,2.996125,1.957,2.776875
2257045,"Almond milk, unsweetened, plain, refrigerated",,0.67075,1.558,0.65625
2257046,"Oat milk, unsweetened, plain, refrigerated",,5.100325,2.749,0.796875
2258586,"Carrots, mature, raw",,10.26755,0.3506,0.94125
2258587,"Carrots, baby, raw",,9.0787,0.1375,0.805
2258588,"Peppers, bell, green, raw",,4.7781,0.1063,0.715
2258589,"Peppers, bell, yellow, raw",,6.601725,0.1211,0.819375
2258590,"Peppers, bell, red, raw",,6.653175,0.1256,0.895625
2258591,"Peppers, bell, orange, raw",,6.703125,0.1556,0.881875
2259792,"Buttermilk, low fat",,4.811522,1.081,3.464978
2259793,"Yogurt, plain, whole milk",,5.574928,4.484,3.824172
2259794,"Yogurt, Greek, plain, whole milk",,4.75402,4.394,8.77888
2259795,"Cheese, parmesan, grated, refrigerated",,4.33188,29.5,30.13912
2259796,"Cheese, feta, whole milk, crumbled",,5.58318,19.08,19.70782
2261420,"Flour, almond",,16.24925,50.23,26.24375
2261421,"Flour, oat, whole grain",,69.91725,6.309,13.16875
2261422,"Flour, potato",,79.9422,0.9513,8.1125
2262072,"Peanut butter, creamy",,22.70376,49.43,23.99124
2262073,"Sesame butter, creamy",,14.179,62.4,19.7054
2262074,"Almond butter, creamy",,21.23666,53.04,20.78734
2262075,"Flaxseed, ground",,34.3551,37.28,18.0359
2346384,"Cottage cheese, full fat, large or small curd",,4.59964,4.225,11.62436
2346385,"Cream cheese, full fat, block",,4.55615,33.49,5.78985
2346386,"Cream, heavy",,3.799506,35.56,2.017994
2346387,"Cream, sour, full fat",,5.555506,17.99,3.070694
2346388,"Lettuce, iceberg, raw",,3.36875,0.07375,0.7425
2346389,"Lettuce, romaine, green, raw",,4.055575,0.07125,0.976875
2346390,"Lettuce, leaf, red, raw",,3.260575,0.1063,0.883125
2346391,"Lettuce, leaf, green, raw",,4.06615,0.1563,1.09375
2346392,"Nuts, pine nuts, raw",,18.5921,61.27,15.7039
2346393,"Nuts, almonds, whole, raw",,20.03462,51.09,21.45038
2346394,"Nuts, walnuts, English, halves, raw",,10.9096,69.74,14.5644
2346395,"Nuts, pecans, halves, raw",,12.6993,73.28,9.9587
2346396,"Oats, whole grain, rolled, old fashioned",,68.65755,5.89,13.49645
2346397,"Oats, whole grain, steel cut",,69.75082,5.8,12.51118
2346398,"Pineapple, raw",,14.0914625,0.2113,0.4609375
2346399,"Cherries, sweet, dark red, raw",,16.163125,0.1925,1.039375
2346400,"Beans, snap, green, raw",,7.41245,0.275,1.96875
2346401,"Potatoes, russet, without skin, raw",,17.77125,0.36,2.27375
2346402,"Potatoes, red, without skin, raw",,16.27,0.2475,2.0625
2346403,"Potatoes, gold, without skin, raw",,15.9624,0.2638,1.8125
2346404,"Sweet potatoes, orange flesh, without skin, raw",,17.327875,0.375,1.578125
2346405,"Celery, raw",,3.3165125,0.1625,0.4921875
2346406,"Cucumber, with peel, raw",,2.9525,0.1775,0.625
2346407,"Cabbage, green, raw",,6.38375,0.2275,0.96125
2346408,"Cabbage, red, raw",,6.7899,0.2138,1.2425
2346409,"Strawberries, raw",,7.964375,0.22,0.640625
2346410,"Raspberries, raw",,12.904375,0.1875,1.008125
2346411,"Blueberries, raw",,14.571775,0.3063,0.703125
2346412,"Grapes, red, seedless, raw",,20.196825,0.1638,0.914375
2346413,"Grapes, green, seedless, raw",,18.60375,0.2325,0.89875
2346414,"Applesauce, unsweetened, with added vitamin C",,12.2615625,0.1625,0.2734375
2512371,"Flour, amaranth",,68.7787,6.236,13.2093
2512372,"Flour, quinoa",,69.52465,6.601,11.92235
2512373,"Flour, sorghum",,77.39123,3.586,8.27277
2512374,"Flour, buckwheat",,75.01808,2.484,8.88492
2512375,"Flour, rye",,77.1618,1.908,8.3952
2512376,"Flour, barley",,77.39832,2.45,8.72168
2512377,"Flour, cassava",,87.312975,0.4938,0.918225
2512378,"Buckwheat, whole grain",,71.13066,3.039,11.06534
2512379,"Millet, whole grain",,74.44623,4.194,10.02177
2512380,"Rice, brown, long grain, unenriched, raw",,76.68795,3.306,7.25305
2512381,"Rice, white, long grain, unenriched, raw",,80.31315,1.033,7.03885
2514743,"Beef, ground, 90% lean meat / 10% fat, raw",,0.0,12.85,18.15625
2514744,"Beef, ground, 80% lean meat / 20% fat, raw",,0.0,19.44,17.53125
2514745,"Pork, ground, raw",,0.0,17.49,17.80625
2514746,"Chicken, ground, with additives, raw",,0.0,7.161,17.9125
2514747,"Turkey, ground, 93% lean/ 7% fat, raw",,0.0,9.591,17.34375
2515373,"Nuts, brazilnuts, raw",,21.64216,57.43,15.03684
2515374,"Nuts, cashew nuts, raw",,36.2887,38.86,17.4423
2515375,"Nuts, hazelnuts or filberts, raw",,26.5012,53.49,13.4938
2515376,"Peanuts, raw",,26.498,43.28,23.205
2515377,"Flour, chestnut",,80.45025,4.636,5.28675
2515378,"Nuts, macadamia nuts, raw",,24.0943,64.93,7.7857
2515379,"Nuts, pistachio nuts, raw",,27.6943,45.02,20.5057
2515380,"Seeds, pumpkin seeds (pepitas), raw",,18.6751,40.03,29.9079
2515381,"Seeds, sunflower seed, kernel, raw",,24.5007,48.44,18.8733
2515382,"Flour, coconut",,58.9025,15.28,16.1385
2644281,"Beans, cannellini, dry",,59.7955,2.199,21.5625
2644282,"Chickpeas, (garbanzo beans, bengal gram), dry",,60.358,6.274,21.275
2644283,"Lentils, dry",,62.17125,1.925,23.56875
2644284,"Blackeye pea, dry",,61.836,2.419,21.225
2644285,"Beans, black, canned, sodium added, drained and rinsed",,19.8135,1.273,6.9125
2644286,"Beans, navy, canned, sodium added, drained and rinsed",,19.98325,1.398,6.56875
2644287,"Beans, cannellini, canned, sodium added, drained and rinsed",,18.8185,1.169,7.4125
2644288,"Chickpeas (garbanzo beans, bengal gram), canned, sodium added, drained and rinsed",,20.32025,3.096,7.01875
2644289,"Beans, kidney, dark red, canned, sodium added, sugar added, drained and rinsed",,21.03,1.256,7.8
2644290,"Beans, kidney, light red, canned, sodium added, sugar added, drained and rinsed",,21.44675,1.299,7.30625
2644291,"Peas, green, sweet, canned, sodium added, sugar added, drained and rinsed",,12.707625,1.153,4.734375
2644292,"Beans, pinto, canned, sodium added, drained and rinsed",,19.60025,1.266,6.69375
2644293,"Blackeye pea, canned, sodium added, drained and rinsed",,19.1659,1.296,6.925
2644294,"Beans, great northern, canned, sodium added, drained and rinsed",,19.32875,1.266,7.03125
2646168,"Pork, loin, boneless, raw",,0.0,9.469,21.11875
2646169,"Pork, loin, tenderloin, boneless, raw",,0.0,3.899,21.58125
2646170,"Chicken, breast, boneless, skinless, raw",,0.0,1.934,22.525
2646171,"Chicken, thigh, boneless, skinless, raw",,0.0,7.916,18.6125
2646172,"Beef, ribeye, steak, boneless, choice, raw",,0.0,20.04,18.74375
2646173,"Beef, round, top round, boneless, choice, raw",,0.852,5.703,21.475
2646174,"Beef, chuck, roast, boneless, choice, raw",,0.0,17.8,18.4
2646175,"Beef, flank, steak, boneless, choice, raw",,0.0,9.399,20.13125
2647437,"Yogurt, plain, nonfat",,8.07675,0.0875,4.22675
2647438,"Cheese, monterey jack, solid",,1.8979,32.63,22.6171
2647439,"Cheese, pasteurized process cheese food or product, American, singles",,8.1898,23.86,15.5672
2647440,"Cheese, provolone, sliced",,2.45312,28.13,23.45288
2647441,"Cheese, oaxaca, solid",,2.40202,22.1,22.14498
2647442,"Cheese, queso fresco, solid",,2.9572,23.36,18.8848
2647443,"Cheese, cotija, solid",,2.72432,27.24,23.83568
2684440,"Fish, salmon, sockeye, wild caught, raw",,0.0,4.936,22.3
2684441,"Fish, salmon, Atlantic, farm raised, raw",,0.0,13.11,20.31875
2684442,"Fish, tilapia, farm raised, raw",,0.0,2.479,19.0
2684443,"Crustaceans, shrimp, farm raised, raw",,0.48495,0.8013,15.56875
2684444,"Fish, cod, Atlantic, wild caught, raw",,0.0,0.6675,16.06875
2684445,"Fish, catfish, farm raised, raw",,0.0,7.308,16.46875
2684446,"Crustaceans, crab, blue swimming, lump, pasteurized, refrigerated",,0.0,0.8075,18.65
2685568,"Squash, summer, green, zucchini, includes skin, raw",,3.27,0.205,0.984375
2685569,"Squash, summer, yellow, includes skin, raw",,4.39,0.135,0.890625
2685570,"Squash, winter, butternut, raw",,10.50745,0.1675,1.14875
2685571,"Squash, winter, acorn, raw",,10.48,0.1825,1.25
2685572,"Cabbage, bok choy, raw",,3.51495,0.2338,1.02375
2685573,"Cauliflower, raw",,4.723075,0.2375,1.640625
2685574,"Collards, raw",,7.02225,0.77,2.96875
2685575,"Brussels sprouts, raw",,9.615625,0.565,3.984375
2685576,"Beets, raw",,8.787,0.3025,1.6875
2685577,"Eggplant, raw",,5.399325,0.12,0.851875
2685578,"Tomatoes, whole, canned, solids and liquids, with salt added",,4.2874,0.2063,0.8675
2685579,"Tomato, sauce, canned, with salt added",,6.331625,0.3825,1.351875
2685580,"Tomato, paste, canned, without salt added",,20.188125,0.7325,4.234375
2685581,"Tomatoes, crushed, canned",,7.137,0.3975,1.4375
2685582,"Tomato, puree, canned",,8.036875,0.265,1.578125
2710815,"Apricot, with skin, raw",,10.23875,0.405,0.96125
2710816,"Melons, honeydew, raw",,8.14995,0.2163,0.53125
2710817,"Plantains, ripe, raw",,30.95215,0.8933,1.15625
2710818,"Plantains, underripe, raw",,33.587325,0.685,1.229375
2710819,"Chia seeds, dry, raw",,38.273,32.89,17.013
2710820,"Bulgur, dry, raw",,75.88175,2.421,11.75625
2710821,"Wild rice, dry, raw",,75.6695,1.704,12.7875
2710822,"Arugula, baby, raw",,5.36825,0.325,1.64875
2710823,"Asparagus, green, raw",,5.1012,0.2163,1.4375
2710824,"Avocado, Hass, peeled, raw",,8.3235,20.31,1.8125
2710825,"Rice, black, unenriched, raw",,77.18825,3.438,7.56875
2710826,"Corn, sweet, yellow and white kernels,  fresh, raw",,14.689625,1.626,2.789375
2710827,"Einkorn, grain, dry, raw",,68.65381,3.811,15.11719
2710828,"Farro, pearled, dry, raw",,72.13156,3.103,12.63944
2710829,"Fonio, grain, dry, raw",,81.30525,1.693,7.16875
2710830,"Khorasan, grain, dry, raw",,71.79427,2.8,14.75573
2710831,"Kiwifruit (kiwi), green, peeled, raw",,13.818075,0.64,1.008125
2710832,"Mandarin, seedless, peeled, raw",,13.421825,0.4575,1.039375
2710833,"Mango, Tommy Atkins, peeled, raw",,15.265,0.5725,0.5625
2710834,"Mango, Ataulfo, peeled, raw",,17.3962,0.6813,0.6875
2710835,"Corn flour, masa harina, white or yellow, dry, raw",,76.6895,4.34,7.5625
2710836,"Pear, Anjou, green, with skin, raw",,14.7674,0.3713,0.3125
2710837,"Plum, black, with skin, raw",,13.455575,0.2825,0.578125
2710838,"Rice, red, unenriched, dry, raw",,76.1545,3.44,8.5625
2710839,"Sorghum bran, white, unenriched, dry, raw",,68.69525,9.259,11.16875
2710840,"Sorghum flour, white, pearled, unenriched, dry, raw",,73.5065,3.238,10.2125
2710841,"Sorghum grain, white, pearled, unenriched, dry, raw",,74.872,3.265,10.25
2710842,"Sorghum, whole grain, white, dry, raw",,73.57375,4.219,10.08125
2710843,"Plantains, overripe, raw",,29.191425,0.99,1.166875
2727566,"Chicken, drumstick, meat and skin, raw",,-0.47505,5.94,18.35625
2727567,"Chicken, thigh, meat and skin, raw",,-0.17255,13.35,17.10625
2727568,"Chicken, wing, meat and skin, raw",,-0.45875,10.64,18.40625
2727569,"Chicken, breast, meat and skin, raw",,-0.42825,4.777,21.40625
2727570,"Lamb, ground, raw",,-0.2508,18.64,17.4625
2727571,"Bison, ground, raw",,-0.14955,8.88,19.88125
2727572,"Beef, short loin (NY strip steak), raw",,0.2212,11.54,21.325
2727573,"Beef, tenderloin steak, raw",,0.18025,6.456,21.09375
2727574,"Beef, top sirloin steak, raw",,0.218,5.708,21.975
2727575,"Pork, chop, center cut, raw",,-0.5625,5.475,22.8125
2727576,"Pork, belly, with skin, raw",,-0.705,35.83,15.2
2727577,"Pawpaw, peeled, seeded, raw",,,,1.151875
2727578,"Squash, pie pumpkin, peeled, seeded, raw",,,,0.854375
2727579,"Squash, spaghetti, peeled, seeded, raw",,,,0.791875
2727580,"Rutabaga, peeled, raw",,,,0.8875
2727581,"Blackberries, raw",,,,1.52625
2727582,"Tomatillos, dehusked, raw",,,,1.064375
2727583,"Cabbage, napa, leaf, destemmed, raw",,,,1.06375
2727584,"Leeks, bulb and greens, root removed, raw",,,,1.4675
2727585,"Green onion, (scallion), bulb and greens, root removed, raw",,,,0.66875
2727586,"Shallots, bulb, peeled, root removed, raw",,,,1.3775
2727587,"Juice, prune, shelf-stable",,,,0.422625
2727588,"Juice, pomegranate, from concentrate, shelf-stable",,,,0.0
2727589,"Juice, tart cherry, from concentrate, shelf-stable",,,,0.1465625
2747652,"Anchovies, canned in olive oil, with salt, drained",,2.4095,9.853,26.9375
2747653,"Beet greens, raw",,4.658825,0.1438,1.609375
2747654,"Cod, Pacific or Alaskan, frozen, wild caught",,0.524,0.216,14.2
2747655,"Fennel, bulb, raw",,5.486225,0.14,0.921875
2747656,"Halibut, frozen, wild caught",,-0.0602,0.5917,19.0625
2747657,"Lobster, tail only, frozen, wild caught",,0.88555,0.3667,12.99375
2747658,"Mahi mahi, frozen, wild caught",,0.28655,0.3767,19.79375
2747659,"Parsnips, raw",,19.292275,0.5381,1.265625
2747660,"Peppers, banana or Hungarian wax, seeded, raw",,4.966175,0.1314,0.723125
2747661,"Peppers, jalapeno, seeded, raw",,5.075675,0.1488,0.621125
2747662,"Peppers, poblano, seeded, raw",,5.143175,0.1906,1.425625
2747663,"Peppers, serrano, seeded, raw",,6.136275,0.1406,0.855625
2747664,"Radicchio, raw",,4.96125,0.1431,1.30875
2747665,"Radishes, red, raw",,4.05682,0.08313,0.65625
2747666,"Scallops, bay, Patagonian, frozen, wild caught",,2.2833,0.4192,16.3875
2747667,"Scallops, sea, frozen, wild caught",,1.9662,0.4933,13.5125
2747668,"Sea bass, Chilean, frozen, wild caught",,0.1392,16.57,14.925
2747669,"Snapper, frozen, wild caught",,0.4413,0.5692,20.6625
2747670,"Snow crab, legs only, frozen  ",,1.1063,0.2942,15.5375
2747671,"Squid (calamari), frozen, tubes only",,0.93215,0.5508,8.80625
2747672,"Swordfish, frozen, wild caught",,0.4495,8.123,19.2375
2747673,"Tuna, ahi or yellowfin, frozen, wild caught",,-0.1045,0.3875,24.7
2747674,"Turnips, raw",,7.274975,0.1188,0.953125
2747675,"Watermelon, seedless, flesh only, raw",,,,0.87125
2747676,"Watermelon, seedless, rind only, raw",,4.166,0.07,0.53125
2758975,"Rhubarb, stalk, raw",,,,
2758976,"Cranberries, dried, sweetened",,,,
2758977,"Grapefruit, raw",,,,
2758978,"Plums, dried (prunes), uncooked",,,,
2758979,"Raisins, golden, seedless",,,,
2758980,"Raisins, dark, seedless",,,,
2758981,"Edamame, frozen, prepared",,,,
2758982,"Baked beans, Original, canned, with pork",,,,
2758983,"Beans, baked, canned, vegetarian",,,,
2758984,"Refried beans, canned (pinto)",,,,
2758985,"Refried beans, canned, vegetarian",,,,
2758986,"Mayonnaise, Regular",,,,
2758987,"Salad dressing, Italian dressing, commercial, regular",,,,
2758988,"Dressing, Ranch",,,,
2758989,"Peanut butter, Creamy",,,,
2758990,Sweetened condensed milk,,,,
2758991,"Bologna, beef",,,,
2758992,"Bologna, classic",,,,
2758993,"Bread, white, commercial",,,,
2758994,"Bread, 100% whole wheat, commercial",,,,
2758995,"Bread, mulitgrain, commercial",,,,
2758996,"Tortilla, wheat flour, shelf stable",,,,
2758997,"Tortilla, corn, shelf stable",,,,
2758998,"Pasta, dry, enriched, spaghetti",,,,
2759000,"Pasta, dry, whole grain, spaghetti ",,,,
2759001,"Lunchmeat, turkey, oven roasted, sliced",,,,
2759002,"Lunchmeat, ham, black forest, sliced",,,,
2759003,"Lunchmeat, roast beef, sliced, prepackaged",,,,
2759004,"Lunchmeat, chicken breast, sliced",,,,
2759005,"Salami, hard, sliced",,,,
2759006,"Pepperoni, beef and pork, sliced",,,,
2768188,"Alaska Pollock, raw",,0.0565,0.9925,17.33
