fdc_id,data_type,description
2090131,branded_food,"LUSCIOUS SQUARES CHOCOLATE, VERY CRANBERRY"
1511795,branded_food,"BERRY ALMOND FRUIT + NUT BAR, BERRY ALMOND"
1948139,branded_food,ORGANIC EXTRA THICK ROLLED OATS
2180711,branded_food,"PEANUT BUTTER COOKIES, PEANUT BUTTER"
2428825,branded_food,ULTRA-PASTEURIZED VITAMIN D MILK
526745,branded_food,ULTRA THIN CRUST ITALIAN SAUSAGE PIZZA
2394266,branded_food,"CLASSIC WAFFLE CONES, CLASSIC"
1188930,branded_food,"LINDT, LINDOR, MILK CHOCOLATE TRUFFLES"
1044475,branded_food,"SPICY SHRIMP CALI ROLL WR, SPICY SHRIMP CALI"
1092927,branded_food,BLACK CHIA SEEDS
1618554,branded_food,UNCOOKED CHICKEN PARTY WINGS
1374355,branded_food,HAMBURGER ENRICHED BUNS
2158226,branded_food,GOURMET WHOLE OLIVES
2413463,branded_food,"STRAWBERRY ORGANIC KIDS, STRAWBERRY"
1532041,branded_food,"PRICE CHOPPER, DARK CAPPUCCINO DRINK MIX"
2152131,branded_food,"NO BEANS CHILI, NO BEANS"
1312825,branded_food,MILK CHOCOLATE COVERED PRETZELS
2285333,branded_food,"BIG 100 MEAL REPLACEMENT BAR, PEANUT BUTTER PRETZEL"
2201268,branded_food,"PEANUT BUTTER & CHOCOLATE FLAVORED PREMIUM CUPCAKE MIX, PEANUT BUTTER & CHOCOLATE"
2041849,branded_food,"7 SELECT, HONEY ROASTED CASHEWS"
1583077,branded_food,BLACKEYE PEAS
1375120,branded_food,ORANGE MARMALADE
1913430,branded_food,"PREMIUM SANDWICHES, BLACK FOREST HAM & CHEDDAR PRETZEL ROLL"
2639004,branded_food,ULTRA-PASTEURIZED HEAVY WHIPPING CREAM
1140551,branded_food,"BUNNY BAIT TRAIL MIX WITH HONEY-ROASTED PEANUTS, WHITE CHOCOLATE-COVERED PRETZEL BALLS, M&M'S MILK CHOCOLATE CANDIES, CONFETTI COOKIE PIECES, RAISINS & MARSHMALLOWS, BUNNY BAIT"
1398010,branded_food,POTATO SALAD
1017875,branded_food,"COLBY JACK COLBY AND MONTEREY JACK CHEESE, COLBY JACK"
518516,branded_food,GREEN OLIVES
2396038,branded_food,"BROWN ANCIENT GRAIN OF ETHIOPIA, BROWN"
1830729,branded_food,"HOT SWEET DILL PICKLES, HOT SWEET"
1887209,branded_food,LABNEH MIDDLE EASTERN STYLE SPREADABLE CHEESE
493117,branded_food,"PINES, BEET JUICE POWDER"
1862007,branded_food,"KIMCHI PREMIUM FERMENTED NAPA CABBAGE, SPICY"
2085471,branded_food,"SPARKLING WATER BEVERAGE, CHERRY, LEMONADE, CHERRY, LEMONADE"
1892939,branded_food,"H-E-B, APPLE SAUCE, ORIGINAL"
932638,branded_food,"100% WHOLE WHEAT HEARTY HOMESTYLE BREAD, 100% WHOLE WHEAT"
406001,branded_food,SOFT & SMOOTH WHITE BREAD
1894033,branded_food,"PUDDING, VANILLA"
535862,branded_food,CINNAMON CRUNCHY COOKIES
894152,branded_food,"CHEDDAR POPPED POTATO SNACK CHIPS, CHEDDAR"
1708912,branded_food,"CAESAR DRESSING, CAESAR"
1446587,branded_food,GOURMENT JELLY BEANS
1533755,branded_food,"GALERIE, BRACH'S CANDY"
1440691,branded_food,SEASONED SALT
1945552,branded_food,ORGANIC SPLIT EMMER FARRO
2083939,branded_food,EXTRA VIRGIN OLIVE OIL
1857562,branded_food,GARLIC & HERB PARMESAN QUINOA
1183206,branded_food,"ROLAND, MANGO SLICES IN LIGHT SYRUP"
1444384,branded_food,"CRAN APPLE RAISIN PEANUTS, RAISINS, CRANBERRIES, BANANA, APPLE, ALMONDS WESTERN TRAIL MIX HIGH ENERGY SNACKS, CRAN APPLE RAISIN"
1717584,branded_food,"GREEK INSPIRED HUMMUS, GREEK INSPIRED"
659844,branded_food,647 ITALIAN BREAD
2297514,branded_food,"GOAT CHEESE, GOAT"
1883158,branded_food,TUNA VENTRESCA IN OLIVE OIL
1446166,branded_food,INSTANT NONFAT DRY MILK
2118238,branded_food,GOURMET MARGARITA MIX
2656690,branded_food,"PEELED & DEVEINED, TAIL-OFF SMALL RAW SHRIMP"
530393,branded_food,FUDGE REVEL ICE CREAM
2211301,branded_food,PURIFIED WATER WITH ELECTROLYTES
1496617,branded_food,HERBS & SPICES
2699774,branded_food,Good & Gather Organic Thompson Raisins 6-Pack/1oz Cartons
358197,branded_food,"UDI'S, SOFT & WHOLESOME PLAIN TORTILLAS"
1684454,branded_food,"SEA SALT VEGETABLE AND POTATO SNACK, SEA SALT"
2131777,branded_food,LEMON RASPBERRY GRANOLA
1467929,branded_food,"PINK LEMONADE FROZEN CONCENTRATE, PINK LEMONADE"
1662865,branded_food,ALL PURPOSE FLOUR
2419378,branded_food,"VANILLA & ALMONDS FLAVORED GRANOLA, VANILLA & ALMONDS"
2410751,branded_food,"MICROWAVE MOVIE THEATER BUTTER POPCORN, MOVIE THEATER BUTTER"
891368,branded_food,BROWN FLAXSEED
2217494,branded_food,"RAM GOAT MANNISH WATER FLAVORED JAMAICAN SOUP MIX, RAM GOAT MANNISH WATER"
2570326,branded_food,"IBERIA RICE & BLACK BEANS, 3.4 LB"
1839135,branded_food,"CHOCOLATE FUDGE BROWNIE, CHOCOLATE FUDGE"
833386,branded_food,"WHOLE CHERRIES, DIPPED IN RICH DARK CHOCOLATE"
2318927,branded_food,20OZ BOTTLE ORANGE DRY
2540164,branded_food,Kellogg's Frosted Flakes Cereal Multi Grain 1oz
1697086,branded_food,"FRESHLY FROZEN UNSWEETENED BLUEBERRIES, UNSWEETENED"
527809,branded_food,CROUTONS
1954285,branded_food,"SUNKIN SEEDS, BBQ"
2470189,branded_food,"CHEESE CRACKER SANDWICHES BITS, CHEESE"
1509845,branded_food,"RAP, PROTEIN GUMMIES, STRAWBERRY"
2286905,branded_food,FALL CHOCOLATE PRETZELS
2370823,branded_food,"Hardwood Smoked Peppered Center Cut Bacon Layered-Fresh Packed 1/8"" 15#"
1767857,branded_food,"ORGANIC & COLD-PRESSED FRUIT AND VEGGIE BLENDS, JUST RIGHT OATS"
364265,branded_food,MEDIUM CANTINA STYLE SALSA
1049889,branded_food,"CHOCOLATE 1% LOWFAT MILK, CHOCOLATE"
1144668,branded_food,"CHERRY, LEMON, BLUE RASPBERRY RED, WHITE & BLUE POPS, CHERRY, LEMON, BLUE RASPBERRY"
2653281,branded_food,"BOURBON AGED ORGANIC MAPLE SYRUP, BOURBON AGED"
856528,branded_food,"SIGNATURE SELECT, SLICED SOURDOUGH BREAD"
591748,branded_food,CHOCOLATE REDUCED CALORIE INSTANT PUDDING
2615222,branded_food,UNSWEET ULTRA  SOY PROTEIN BEVERAGE
2230707,branded_food,Kellogg's Rice Krispies Treats Squares Cocoa With M&M 1.94oz
2366530,branded_food,"100% EXTRA VIRGIN OLIVE OIL COOKING SPRAY, 100% EXTRA VIRGIN OLIVE OIL"
1550584,branded_food,PUMPKIN WALNUT BREAD
2520952,branded_food,Deep Applewood Smoked Center Cut Bacon-Layered-Gas Flushed 10/12 15#
1606370,branded_food,JUMBO SEA SALT CASHEWS
1057253,branded_food,"BLUEBERRY WAFFLE CONE FLAVORED PROTEIN BARS, BLUEBERRY WAFFLE CONE"
828588,branded_food,"BASIL PESTO TILAPIA, BASIL PESTO"
2105291,branded_food,SEED SESAME
2403187,branded_food,"ROASTED AND SALTED HALVES AND PIECES CASHEWS, ROASTED AND SALTED"
2669522,branded_food,"VANILLA LATTE ENHANCED COFFEE, VANILLA LATTE"
2423385,branded_food,"CAJUN-SEASONED SHRIMP AND SAUSAGE, CAJUN-SEASONED"
395396,branded_food,"DOLCETTO PETITES, COOKIES & CREAM WAFER BITES"
1873868,branded_food,"CHEESE CRISPS, CHEDDAR"
2317834,branded_food,1 LITER BOTTLE DIET CREAM
1843099,branded_food,"STRAWBERRY WHEY ISOLATE PROTEIN , STRAWBERRY"
2012471,branded_food,"WEIS QUALITY, CLASSIC EGG NOODLES, POT PIE SQUARES, ENRICHED NOODLE PRODUCT"
1545642,branded_food,VEGETABLE OIL SPREAD
369532,branded_food,"MALHER, HILACHAS STYLE SAUCE"
479756,branded_food,CREAM BARS
2480950,branded_food,"CHEDDAR EXTRA SHARP CHEESE, CHEDDAR"
1972355,branded_food,"LIGHT HOUSE ITALIAN DRESSING, LIGHT HOUSE ITALIAN"
427985,branded_food,SPICY DILL PORK RINDS
2415759,branded_food,"BEEF PASTA & SEASONED BEEF SAUCE MIX, BEEF"
2209223,branded_food,"1202: Muffins, Whole Grain, Banana, Reduced Fat, Individually Wrapped, Retail. USDA Smart Snack Approved. Kosher KVH-D"
1934691,branded_food,UNSWEETENED APPLESAUCE
1346143,branded_food,"BAR-B-Q SAUCE, SWEET & MILD"
2565340,branded_food,STREET TACO CARNITAS SEASONING MIX
1316559,branded_food,IODIZED SALT
646470,branded_food,"SHELLED PUMPKIN SEEDS, HONEY ROASTED"
661944,branded_food,"ANGUS BEEF UNCURED FRANKS, ANGUS BEEF"
1507505,branded_food,"UDI'S GLUTEN FREE, GRANOLA, CRANBERRY, CRANBERRY"
353928,branded_food,BNLS C/C N.Y. STRIP 16OZ
1845290,branded_food,ORGANIC GOLDEN FLAX SEED MEAL
776888,branded_food,TURKEY WINGS
2653295,branded_food,"HARD SALAMI SMOKE FLAVOR CRACKER CUTS, HARD SALAMI"
1740519,branded_food,"WATERMELON VERY CHERRY BLUEBERRY GOURMET CANDY CANES, WATERMELON VERY CHERRY BLUEBERRY"
2177758,branded_food,CHLORELLA UDON NOODLES
2009487,branded_food,FANCY CRACKERS
1902229,branded_food,"PREMIUM EGG ROLLS, WHITE MEAT CHICKEN"
2302941,branded_food,"TART AND TANGY PEAR FROZEN KEFIR BARS, TART AND TANGY PEAR"
656262,branded_food,"PINA COLADA NON-ALCOHOLIC DRINK MIX FROM CONCENTRATE, PINA COLADA"
2080372,branded_food,QUESO COTIJA SKIM MILK CHEESE
1481529,branded_food,ORGANIC 100% WHOLE WHEAT BREAD
1014749,branded_food,"SUPREME BROWNIE TRIPLE CHOCOLATE, TRIPLE CHOCOLATE"
1530807,branded_food,"KROGER, X-TREME ROLLED TORTILLA CHIPS, SALSA PICANTE"
1778703,branded_food,ORGANIC BLACK BEAN PENNE
2116218,branded_food,"CLASSIC SUPREME WHOLE MILK MOZZARELLA AND PROVOLONE CHEESES, ROASTED VEGETABLES, SAUSAGE, AND PEPPERONI WITH A TOMATO SAUCE ON A CRUST LARGE TAKE & BAKE PIZZA, CLASSIC SUPREME"
2166586,branded_food,"3-CHEESE MAC GLUTEN FREE OAT NOODLES + SMOKED GOUDA + VERMONT WHITE CHEDDAR + MILD CHEDDAR CHEESE, 3-CHEESE MAC"
1266347,branded_food,PRE STEAMED VEGETABLE & PORK DUMPLING
2476697,branded_food,HAMBURGER ROLLS
1271489,branded_food,RED TEA
2235566,branded_food,Go-Gurt by Yoplait Low Fat Yogurt Berry/Strawberry 32 Count
795723,branded_food,FRUIT MEDLEY IN PREMIUM CHOCOLATE
552699,branded_food,CHICKEN & POTATO DUMPLINGS WITH SHREDDED CARROTS COVERED IN A RICH CHICKEN VELOUTE
590403,branded_food,GRAPEFRUIT HIBISCUS SPARKLING WATER
1944254,branded_food,EXTRA VIRGIN OLIVE OIL
2289647,branded_food,"HANNAFORD, FRENCH CUT GREEN BEANS"
1558632,branded_food,PRICKLY SYRUP
2530094,branded_food,TRADITIONAL CRACKERS
1179291,branded_food,"WEIS, SLOPPY JOE SAUCE"
1809747,branded_food,"WATER, ACTIVATED CHARCOAL"
1247092,branded_food,"FOOD LION, HALF & HALF MILK AND CREAM"
840784,branded_food,"100% PURE ORANGE JUICE FROM CONCENTRATE, ORANGE"
1857721,branded_food,"HERDEZ, CASERA SALSA, MEDIUM, MEDIUM"
2717239,branded_food,Yoplait Vanilla Parfait Pro with Low Fat Yogurt
487904,branded_food,ICE CREAM SANDWICHES
1826149,branded_food,"ALMONDS & COCONUT NUT BARS, ALMOND & COCONUT"
1836470,branded_food,"SPANAKOPITA A RICH AND SAVORY BLEND OF SPINACH AND CHEESE, HAND-WRAPPED IN LAYERS OF LIGHT, FLAKY PHYLLO DOUGH, SPANAKOPITA"
1419882,branded_food,"SALTED CARAMEL MARSHMALLOW HOT COCOA TOPPERS, SALTED CARAMEL"
594997,branded_food,FULLY COOKED GLAZED LIGHTLY BREADED CHICKEN BREAST WITH RIB MEAT BUFFALO STYLE TENDERS
551219,branded_food,CHICKEN PARMESAN WITH LINGUINE
597441,branded_food,ALL NATURAL BARBECUE FLAVORED POTATO CHIPS
1847165,branded_food,ORGANIC RAW SUNFLOWER SEEDS
1144033,branded_food,"GINGERBREAD COOKIE, GINGERBREAD"
1363379,branded_food,KIDS PROTEIN BAR
2024830,branded_food,SEASONED CROUTONS
2683013,branded_food,Stokely's No Salt Mixed Sieve Peas 15oz
680098,branded_food,"MOZZARELLA, WHITE CHEDDAR, PROVOLONE AND PARMESAN CHEESES WHOLE GRAIN CRUST, FOUR CHEESE"
1567846,branded_food,HANDMADE BAKED GOODS SUGAR COOKIES
1445817,branded_food,"PEANUT BUTTER FLAVOR PROTEIN POWDER, PEANUT BUTTER"
1453059,branded_food,"STRAWBERRY FLAVORED THE MANDALORIAN POP UPS LOLLIPOP, STRAWBERRY"
502224,branded_food,"STOUFFER'S, RIGATONI WITH CHICKEN & PESTO"
1365552,branded_food,"COCONUT CHOCOLATE PROTEIN BAR, COCONUT CHOCOLATE"
2273329,branded_food,"VANILLA LOW FAT ICE CREAM BETWEEN CHOCOLATE FLAVORED WAFERS SANDWICH, VANILLA"
1374823,branded_food,SHARP WHITE CHEDDAR SHREDDED CHEESE
2319111,branded_food,"FLAVOR CRISP SEASONED DICED POTATOES: 0G TRANS FAT, COATEDSEASONED, . A GREAT WAY TO SATISFY CUSTOMERS' CRAVINGS FOR SAVORY OR SPICY FOOD."
2721958,branded_food,LA CHOY Rice Noodles
1665322,branded_food,COCKTAIL COLOMBIAN EMPANADAS
2640445,branded_food,"CHOCOLATE COVERED STRAWBERRY FRENCH ICE CREAM, CHOCOLATE COVERED STRAWBERRY"
2378333,branded_food,CLASSIC YELLOW SUGAR FREE PREMIUM CAKE MIX
2444364,branded_food,SFS BIG DADDY'S PRIMO PB PEPP 3-3PK NET WT 23.09LBS CN
1222945,branded_food,"MAPLE GROVE FARMS OF VERMONT, ASIAGO & GARLIC DRESSING"
1253417,branded_food,COHO SALMON FILLETS
1560812,branded_food,SPARKLING WATER
1270764,branded_food,ROASTED GARLIC HUMMUS
1445337,branded_food,GUMMI LOBSTERS CANDY
1294087,branded_food,"NATURALLY HICKORY SMOKED BACON, HICKORY SMOKED"
1220829,branded_food,"TAHOE TWIST SODA, LEMON LIME"
1872516,branded_food,"ICED COFFEE BEVERAGE, VANILLA"
1880801,branded_food,"ORIGINAL 100% ORANGE JUICE FROZEN CONCENTRATE, ORIGINAL"
841994,branded_food,"MADAGASCAR ORIGIN BELGIAN MILK CHOCOLATE, 32% COCOA, MADAGASCAR ORIGIN"
1823241,branded_food,"PEANUT BUTTER NON-DAIRY FROZEN DESSERT, PEANUT BUTTER"
1554009,branded_food,ANGUS ROAST BEEF & CHEDDAR PINWHEELS
1663953,branded_food,"POTATO CHIPS, SOUTHERN BISCUITS & GRAVY"
729430,branded_food,CHOCOLATE QUICK DISSOLVING PROTEIN PAKS POWDER
2323880,branded_food,"WHEY PROTEIN ISOLATE 25 G PROTEIN POWDER, UNFLAVORED, UNFLAVORED"
2330605,branded_food,"HARISSA NORTH AFRICAN CHILLI PASTE, HARISSA"
1951795,branded_food,"VANILLA SANDWICH COOKIES, VANILLA"
646996,branded_food,"CITRUS SMOOTHIES, CHERRY BERRY CITRUS, CHERRY BERRY CITRUS"
2624842,branded_food,HALF & HALF
1414536,branded_food,"STRAWBERRY GINGER LEMONADE FRUIT JUICE DRINK BLEND, STRAWBERRY GINGER"
