fdc_id,data_type,description,calories,carbs,fat,protein
2090131,branded_food,"LUSCIOUS SQUARES CHOCOLATE, VERY CRANBERRY",441.0,61.76,20.59,8.82
1511795,branded_food,"BERRY ALMOND FRUIT + NUT BAR, BERRY ALMOND",367.0,55.1,18.37,8.16
1948139,branded_food,ORGANIC EXTRA THICK ROLLED OATS,382.0,69.09,5.45,12.73
2180711,branded_food,"PEANUT BUTTER COOKIES, PEANUT BUTTER",474.0,63.16,21.05,5.26
2428825,branded_food,ULTRA-PASTEURIZED VITAMIN D MILK,67.0,5.42,3.75,3.33
526745,branded_food,ULTRA THIN CRUST ITALIAN SAUSAGE PIZZA,231.0,17.95,12.82,10.9
2394266,branded_food,"CLASSIC WAFFLE CONES, CLASSIC",400.0,90.0,0.0,5.0
1188930,branded_food,"LINDT, LINDOR, MILK CHOCOLATE TRUFFLES",611.0,44.44,47.22,5.56
1044475,branded_food,"SPICY SHRIMP CALI ROLL WR, SPICY SHRIMP CALI",152.0,24.71,4.02,4.6
1092927,branded_food,BLACK CHIA SEEDS,533.0,40.0,33.33,13.33
1618554,branded_food,UNCOOKED CHICKEN PARTY WINGS,195.0,0.0,14.16,15.93
1374355,branded_food,HAMBURGER ENRICHED BUNS,282.0,53.85,2.56,10.26
2158226,branded_food,GOURMET WHOLE OLIVES,125.0,,12.5,0.0
2413463,branded_food,"STRAWBERRY ORGANIC KIDS, STRAWBERRY",89.0,14.29,1.79,3.57
1532041,branded_food,"PRICE CHOPPER, DARK CAPPUCCINO DRINK MIX",400.0,66.67,13.33,0.0
2152131,branded_food,"NO BEANS CHILI, NO BEANS",221.0,8.2,17.62,8.2
1312825,branded_food,MILK CHOCOLATE COVERED PRETZELS,425.0,60.0,17.5,5.0
2285333,branded_food,"BIG 100 MEAL REPLACEMENT BAR, PEANUT BUTTER PRETZEL",410.0,47.0,12.0,30.0
2201268,branded_food,"PEANUT BUTTER & CHOCOLATE FLAVORED PREMIUM CUPCAKE MIX, PEANUT BUTTER & CHOCOLATE",412.0,82.35,7.35,5.88
2041849,branded_food,"7 SELECT, HONEY ROASTED CASHEWS",464.0,64.29,25.0,7.14
1583077,branded_food,BLACKEYE PEAS,62.0,10.77,0.0,3.85
1375120,branded_food,ORANGE MARMALADE,300.0,75.0,0.0,0.0
1913430,branded_food,"PREMIUM SANDWICHES, BLACK FOREST HAM & CHEDDAR PRETZEL ROLL",179.0,23.93,4.27,11.11
2639004,branded_food,ULTRA-PASTEURIZED HEAVY WHIPPING CREAM,333.0,6.67,33.33,0.0
1140551,branded_food,"BUNNY BAIT TRAIL MIX WITH HONEY-ROASTED PEANUTS, WHITE CHOCOLATE-COVERED PRETZEL BALLS, M&M'S MILK CHOCOLATE CANDIES, CONFETTI COOKIE PIECES, RAISINS & MARSHMALLOWS, BUNNY BAIT",516.0,54.84,29.03,12.9
1398010,branded_food,POTATO SALAD,217.0,16.67,15.83,1.67
1017875,branded_food,"COLBY JACK COLBY AND MONTEREY JACK CHEESE, COLBY JACK",393.0,3.57,32.14,21.43
518516,branded_food,GREEN OLIVES,80.0,4.0,8.0,8.0
2396038,branded_food,"BROWN ANCIENT GRAIN OF ETHIOPIA, BROWN",383.0,80.85,2.13,10.64
1830729,branded_food,"HOT SWEET DILL PICKLES, HOT SWEET",45.0,10.71,0.0,0.0
1887209,branded_food,LABNEH MIDDLE EASTERN STYLE SPREADABLE CHEESE,161.0,7.14,10.71,10.71
493117,branded_food,"PINES, BEET JUICE POWDER",333.0,83.33,0.0,16.67
1862007,branded_food,"KIMCHI PREMIUM FERMENTED NAPA CABBAGE, SPICY",36.0,3.57,0.0,3.57
2085471,branded_food,"SPARKLING WATER BEVERAGE, CHERRY, LEMONADE, CHERRY, LEMONADE",0.0,0.0,0.0,0.0
1892939,branded_food,"H-E-B, APPLE SAUCE, ORIGINAL",71.0,17.7,0.0,0.0
932638,branded_food,"100% WHOLE WHEAT HEARTY HOMESTYLE BREAD, 100% WHOLE WHEAT",250.0,46.43,3.57,10.71
406001,branded_food,SOFT & SMOOTH WHITE BREAD,228.0,45.61,2.63,8.77
1894033,branded_food,"PUDDING, VANILLA",108.0,20.0,3.46,1.54
535862,branded_food,CINNAMON CRUNCHY COOKIES,545.0,59.09,36.36,4.55
894152,branded_food,"CHEDDAR POPPED POTATO SNACK CHIPS, CHEDDAR",429.0,67.86,14.29,7.14
1708912,branded_food,"CAESAR DRESSING, CAESAR",567.0,3.33,60.0,3.33
1446587,branded_food,GOURMENT JELLY BEANS,,,,
1533755,branded_food,"GALERIE, BRACH'S CANDY",400.0,93.33,0.0,0.0
1440691,branded_food,SEASONED SALT,,,,
1945552,branded_food,ORGANIC SPLIT EMMER FARRO,362.0,72.34,2.13,12.77
2083939,branded_food,EXTRA VIRGIN OLIVE OIL,800.0,0.0,93.33,0.0
1857562,branded_food,GARLIC & HERB PARMESAN QUINOA,179.0,28.57,3.57,7.14
1183206,branded_food,"ROLAND, MANGO SLICES IN LIGHT SYRUP",64.0,15.71,0.0,0.71
1444384,branded_food,"CRAN APPLE RAISIN PEANUTS, RAISINS, CRANBERRIES, BANANA, APPLE, ALMONDS WESTERN TRAIL MIX HIGH ENERGY SNACKS, CRAN APPLE RAISIN",,,,
1717584,branded_food,"GREEK INSPIRED HUMMUS, GREEK INSPIRED",286.0,17.86,21.43,7.14
659844,branded_food,647 ITALIAN BREAD,143.0,46.43,3.57,7.14
2297514,branded_food,"GOAT CHEESE, GOAT",321.0,3.57,35.71,25.0
1883158,branded_food,TUNA VENTRESCA IN OLIVE OIL,235.0,0.0,14.12,24.71
1446166,branded_food,INSTANT NONFAT DRY MILK,,,,
2118238,branded_food,GOURMET MARGARITA MIX,98.0,24.24,0.0,0.0
2656690,branded_food,"PEELED & DEVEINED, TAIL-OFF SMALL RAW SHRIMP",71.0,1.79,1.79,13.39
530393,branded_food,FUDGE REVEL ICE CREAM,215.0,27.69,10.77,3.08
2211301,branded_food,PURIFIED WATER WITH ELECTROLYTES,0.0,0.0,0.0,0.0
1496617,branded_food,HERBS & SPICES,233.0,3.33,23.33,6.67
2699774,branded_food,Good & Gather Organic Thompson Raisins 6-Pack/1oz Cartons,290.0,78.0,0.0,3.0
358197,branded_food,"UDI'S, SOFT & WHOLESOME PLAIN TORTILLAS",225.0,37.5,5.0,7.5
1684454,branded_food,"SEA SALT VEGETABLE AND POTATO SNACK, SEA SALT",464.0,60.71,25.0,3.57
2131777,branded_food,LEMON RASPBERRY GRANOLA,441.0,74.58,11.86,8.47
1467929,branded_food,"PINK LEMONADE FROZEN CONCENTRATE, PINK LEMONADE",244.0,64.44,0.0,0.0
1662865,branded_food,ALL PURPOSE FLOUR,355.0,74.19,0.0,9.68
2419378,branded_food,"VANILLA & ALMONDS FLAVORED GRANOLA, VANILLA & ALMONDS",442.0,72.09,13.95,9.3
2410751,branded_food,"MICROWAVE MOVIE THEATER BUTTER POPCORN, MOVIE THEATER BUTTER",515.0,51.52,30.3,6.06
891368,branded_food,BROWN FLAXSEED,577.0,30.77,38.46,23.08
2217494,branded_food,"RAM GOAT MANNISH WATER FLAVORED JAMAICAN SOUP MIX, RAM GOAT MANNISH WATER",200.0,44.0,0.0,8.0
2570326,branded_food,"IBERIA RICE & BLACK BEANS, 3.4 LB",133.0,31.11,0.0,4.44
1839135,branded_food,"CHOCOLATE FUDGE BROWNIE, CHOCOLATE FUDGE",395.0,21.05,7.89,63.16
833386,branded_food,"WHOLE CHERRIES, DIPPED IN RICH DARK CHOCOLATE",433.0,70.0,20.0,3.33
2318927,branded_food,20OZ BOTTLE ORANGE DRY,,,,
2540164,branded_food,Kellogg's Frosted Flakes Cereal Multi Grain 1oz,362.0,87.3,1.3,7.8
1697086,branded_food,"FRESHLY FROZEN UNSWEETENED BLUEBERRIES, UNSWEETENED",50.0,12.14,0.71,0.0
527809,branded_food,CROUTONS,429.0,71.43,14.29,14.29
1954285,branded_food,"SUNKIN SEEDS, BBQ",571.0,17.86,50.0,25.0
2470189,branded_food,"CHEESE CRACKER SANDWICHES BITS, CHEESE",516.0,61.29,29.03,6.45
1509845,branded_food,"RAP, PROTEIN GUMMIES, STRAWBERRY",247.0,47.95,0.0,27.4
2286905,branded_food,FALL CHOCOLATE PRETZELS,470.0,72.5,17.5,7.5
2370823,branded_food,"Hardwood Smoked Peppered Center Cut Bacon Layered-Fresh Packed 1/8"" 15#",429.0,0.0,32.14,35.71
1767857,branded_food,"ORGANIC & COLD-PRESSED FRUIT AND VEGGIE BLENDS, JUST RIGHT OATS",77.0,18.68,0.55,1.1
364265,branded_food,MEDIUM CANTINA STYLE SALSA,17.0,6.9,0.0,0.0
1049889,branded_food,"CHOCOLATE 1% LOWFAT MILK, CHOCOLATE",1750.0,287.5,31.25,100.0
1144668,branded_food,"CHERRY, LEMON, BLUE RASPBERRY RED, WHITE & BLUE POPS, CHERRY, LEMON, BLUE RASPBERRY",68.0,18.37,0.0,0.0
2653281,branded_food,"BOURBON AGED ORGANIC MAPLE SYRUP, BOURBON AGED",333.0,86.67,0.0,0.0
856528,branded_food,"SIGNATURE SELECT, SLICED SOURDOUGH BREAD",231.0,50.0,,11.54
591748,branded_food,CHOCOLATE REDUCED CALORIE INSTANT PUDDING,400.0,80.0,0.0,0.0
2615222,branded_food,UNSWEET ULTRA  SOY PROTEIN BEVERAGE,75.0,2.08,3.75,8.33
2230707,branded_food,Kellogg's Rice Krispies Treats Squares Cocoa With M&M 1.94oz,438.0,71.6,15.1,4.2
2366530,branded_food,"100% EXTRA VIRGIN OLIVE OIL COOKING SPRAY, 100% EXTRA VIRGIN OLIVE OIL",0.0,0.0,0.0,0.0
1550584,branded_food,PUMPKIN WALNUT BREAD,281.0,49.12,4.39,10.53
2520952,branded_food,Deep Applewood Smoked Center Cut Bacon-Layered-Gas Flushed 10/12 15#,471.0,0.0,35.29,35.29
1606370,branded_food,JUMBO SEA SALT CASHEWS,571.0,32.14,50.0,17.86
1057253,branded_food,"BLUEBERRY WAFFLE CONE FLAVORED PROTEIN BARS, BLUEBERRY WAFFLE CONE",371.0,43.55,9.68,32.26
828588,branded_food,"BASIL PESTO TILAPIA, BASIL PESTO",118.0,0.98,4.9,17.65
2105291,branded_food,SEED SESAME,633.0,13.33,60.0,20.0
2403187,branded_food,"ROASTED AND SALTED HALVES AND PIECES CASHEWS, ROASTED AND SALTED",643.0,32.14,50.0,17.86
2669522,branded_food,"VANILLA LATTE ENHANCED COFFEE, VANILLA LATTE",19.0,0.83,0.69,2.78
2423385,branded_food,"CAJUN-SEASONED SHRIMP AND SAUSAGE, CAJUN-SEASONED",125.0,2.34,6.25,13.28
395396,branded_food,"DOLCETTO PETITES, COOKIES & CREAM WAFER BITES",500.0,60.0,25.0,10.0
1873868,branded_food,"CHEESE CRISPS, CHEDDAR",500.0,0.0,40.0,40.0
2317834,branded_food,1 LITER BOTTLE DIET CREAM,,,,
1843099,branded_food,"STRAWBERRY WHEY ISOLATE PROTEIN , STRAWBERRY",387.0,22.58,3.23,64.52
2012471,branded_food,"WEIS QUALITY, CLASSIC EGG NOODLES, POT PIE SQUARES, ENRICHED NOODLE PRODUCT",393.0,71.43,5.36,14.29
1545642,branded_food,VEGETABLE OIL SPREAD,429.0,0.0,50.0,0.0
369532,branded_food,"MALHER, HILACHAS STYLE SAUCE",308.0,61.54,0.0,15.38
479756,branded_food,CREAM BARS,155.0,23.94,5.63,2.82
2480950,branded_food,"CHEDDAR EXTRA SHARP CHEESE, CHEDDAR",393.0,3.57,32.14,25.0
1972355,branded_food,"LIGHT HOUSE ITALIAN DRESSING, LIGHT HOUSE ITALIAN",78.0,9.38,3.12,0.0
427985,branded_food,SPICY DILL PORK RINDS,500.0,7.14,32.14,57.14
2415759,branded_food,"BEEF PASTA & SEASONED BEEF SAUCE MIX, BEEF",344.0,68.75,0.0,12.5
2209223,branded_food,"1202: Muffins, Whole Grain, Banana, Reduced Fat, Individually Wrapped, Retail. USDA Smart Snack Approved. Kosher KVH-D",281.0,49.12,7.02,5.26
1934691,branded_food,UNSWEETENED APPLESAUCE,48.0,14.29,0.0,0.0
1346143,branded_food,"BAR-B-Q SAUCE, SWEET & MILD",132.0,31.58,0.0,2.63
2565340,branded_food,STREET TACO CARNITAS SEASONING MIX,286.0,57.14,0.0,0.0
1316559,branded_food,IODIZED SALT,0.0,0.0,0.0,0.0
646470,branded_food,"SHELLED PUMPKIN SEEDS, HONEY ROASTED",533.0,26.67,43.33,20.0
661944,branded_food,"ANGUS BEEF UNCURED FRANKS, ANGUS BEEF",320.0,2.0,28.0,12.0
1507505,branded_food,"UDI'S GLUTEN FREE, GRANOLA, CRANBERRY, CRANBERRY",433.0,70.0,16.67,10.0
353928,branded_food,BNLS C/C N.Y. STRIP 16OZ,,0.0,7.14,22.32
1845290,branded_food,ORGANIC GOLDEN FLAX SEED MEAL,562.0,31.25,43.75,18.75
776888,branded_food,TURKEY WINGS,161.0,0.89,7.14,20.54
2653295,branded_food,"HARD SALAMI SMOKE FLAVOR CRACKER CUTS, HARD SALAMI",429.0,3.57,35.71,21.43
1740519,branded_food,"WATERMELON VERY CHERRY BLUEBERRY GOURMET CANDY CANES, WATERMELON VERY CHERRY BLUEBERRY",375.0,100.0,0.0,0.0
2177758,branded_food,CHLORELLA UDON NOODLES,345.0,72.73,1.82,9.09
2009487,branded_food,FANCY CRACKERS,400.0,73.33,10.0,6.67
1902229,branded_food,"PREMIUM EGG ROLLS, WHITE MEAT CHICKEN",176.0,22.35,5.29,8.24
2302941,branded_food,"TART AND TANGY PEAR FROZEN KEFIR BARS, TART AND TANGY PEAR",130.0,23.91,1.09,4.35
656262,branded_food,"PINA COLADA NON-ALCOHOLIC DRINK MIX FROM CONCENTRATE, PINA COLADA",283.0,58.33,6.67,0.0
2080372,branded_food,QUESO COTIJA SKIM MILK CHEESE,321.0,0.0,21.43,25.0
1481529,branded_food,ORGANIC 100% WHOLE WHEAT BREAD,267.0,48.89,3.33,8.89
1014749,branded_food,"SUPREME BROWNIE TRIPLE CHOCOLATE, TRIPLE CHOCOLATE",,,,
1530807,branded_food,"KROGER, X-TREME ROLLED TORTILLA CHIPS, SALSA PICANTE",500.0,60.71,28.57,7.14
1778703,branded_food,ORGANIC BLACK BEAN PENNE,376.0,64.71,1.76,25.88
2116218,branded_food,"CLASSIC SUPREME WHOLE MILK MOZZARELLA AND PROVOLONE CHEESES, ROASTED VEGETABLES, SAUSAGE, AND PEPPERONI WITH A TOMATO SAUCE ON A CRUST LARGE TAKE & BAKE PIZZA, CLASSIC SUPREME",259.0,25.19,12.59,9.63
2166586,branded_food,"3-CHEESE MAC GLUTEN FREE OAT NOODLES + SMOKED GOUDA + VERMONT WHITE CHEDDAR + MILD CHEDDAR CHEESE, 3-CHEESE MAC",167.0,18.06,7.49,6.61
1266347,branded_food,PRE STEAMED VEGETABLE & PORK DUMPLING,188.0,22.22,8.33,7.64
2476697,branded_food,HAMBURGER ROLLS,256.0,48.84,4.65,9.3
1271489,branded_food,RED TEA,0.0,0.0,0.0,0.0
2235566,branded_food,Go-Gurt by Yoplait Low Fat Yogurt Berry/Strawberry 32 Count,150.0,29.31,0.95,6.08
795723,branded_food,FRUIT MEDLEY IN PREMIUM CHOCOLATE,475.0,65.0,25.0,5.0
552699,branded_food,CHICKEN & POTATO DUMPLINGS WITH SHREDDED CARROTS COVERED IN A RICH CHICKEN VELOUTE,119.0,12.22,3.33,9.63
590403,branded_food,GRAPEFRUIT HIBISCUS SPARKLING WATER,0.0,0.0,0.0,0.0
1944254,branded_food,EXTRA VIRGIN OLIVE OIL,800.0,0.0,93.33,0.0
2289647,branded_food,"HANNAFORD, FRENCH CUT GREEN BEANS",29.0,5.88,0.0,1.18
1558632,branded_food,PRICKLY SYRUP,291.0,72.15,0.0,0.0
2530094,branded_food,TRADITIONAL CRACKERS,410.0,76.92,5.13,10.26
1179291,branded_food,"WEIS, SLOPPY JOE SAUCE",55.0,12.5,0.0,1.56
1809747,branded_food,"WATER, ACTIVATED CHARCOAL",2.0,0.0,0.0,0.0
1247092,branded_food,"FOOD LION, HALF & HALF MILK AND CREAM",133.0,3.33,10.0,3.33
840784,branded_food,"100% PURE ORANGE JUICE FROM CONCENTRATE, ORANGE",51.0,12.29,,0.85
1857721,branded_food,"HERDEZ, CASERA SALSA, MEDIUM, MEDIUM",32.0,6.45,0.0,0.0
2717239,branded_food,Yoplait Vanilla Parfait Pro with Low Fat Yogurt,72.0,13.18,0.54,3.61
487904,branded_food,ICE CREAM SANDWICHES,286.0,46.03,9.52,4.76
1826149,branded_food,"ALMONDS & COCONUT NUT BARS, ALMOND & COCONUT",500.0,47.5,32.5,10.0
1836470,branded_food,"SPANAKOPITA A RICH AND SAVORY BLEND OF SPINACH AND CHEESE, HAND-WRAPPED IN LAYERS OF LIGHT, FLAKY PHYLLO DOUGH, SPANAKOPITA",247.0,31.76,9.41,8.24
1419882,branded_food,"SALTED CARAMEL MARSHMALLOW HOT COCOA TOPPERS, SALTED CARAMEL",400.0,75.0,10.0,0.0
594997,branded_food,FULLY COOKED GLAZED LIGHTLY BREADED CHICKEN BREAST WITH RIB MEAT BUFFALO STYLE TENDERS,178.0,12.33,6.16,13.7
551219,branded_food,CHICKEN PARMESAN WITH LINGUINE,143.0,15.71,4.29,10.0
597441,branded_food,ALL NATURAL BARBECUE FLAVORED POTATO CHIPS,536.0,53.57,32.14,7.14
1847165,branded_food,ORGANIC RAW SUNFLOWER SEEDS,571.0,21.43,50.0,21.43
1144033,branded_food,"GINGERBREAD COOKIE, GINGERBREAD",386.0,49.12,14.04,14.04
1363379,branded_food,KIDS PROTEIN BAR,394.0,45.45,13.64,21.21
2024830,branded_food,SEASONED CROUTONS,429.0,57.14,21.43,14.29
2683013,branded_food,Stokely's No Salt Mixed Sieve Peas 15oz,40.0,8.0,0.0,2.4
680098,branded_food,"MOZZARELLA, WHITE CHEDDAR, PROVOLONE AND PARMESAN CHEESES WHOLE GRAIN CRUST, FOUR CHEESE",246.0,29.37,9.52,11.9
1567846,branded_food,HANDMADE BAKED GOODS SUGAR COOKIES,421.0,77.19,12.28,1.75
1445817,branded_food,"PEANUT BUTTER FLAVOR PROTEIN POWDER, PEANUT BUTTER",,,,
1453059,branded_food,"STRAWBERRY FLAVORED THE MANDALORIAN POP UPS LOLLIPOP, STRAWBERRY",,,,
502224,branded_food,"STOUFFER'S, RIGATONI WITH CHICKEN & PESTO",193.0,17.86,8.57,10.71
1365552,branded_food,"COCONUT CHOCOLATE PROTEIN BAR, COCONUT CHOCOLATE",,,,
2273329,branded_food,"VANILLA LOW FAT ICE CREAM BETWEEN CHOCOLATE FLAVORED WAFERS SANDWICH, VANILLA",218.0,47.27,2.73,5.45
1374823,branded_food,SHARP WHITE CHEDDAR SHREDDED CHEESE,393.0,0.0,32.14,25.0
2319111,branded_food,"FLAVOR CRISP SEASONED DICED POTATOES: 0G TRANS FAT, COATEDSEASONED, . A GREAT WAY TO SATISFY CUSTOMERS' CRAVINGS FOR SAVORY OR SPICY FOOD.",,,,
2721958,branded_food,LA CHOY Rice Noodles,464.0,75.0,14.29,7.14
1665322,branded_food,COCKTAIL COLOMBIAN EMPANADAS,243.0,24.32,13.51,2.7
2640445,branded_food,"CHOCOLATE COVERED STRAWBERRY FRENCH ICE CREAM, CHOCOLATE COVERED STRAWBERRY",14.0,25.0,,4.63
2378333,branded_food,CLASSIC YELLOW SUGAR FREE PREMIUM CAKE MIX,311.0,82.22,4.44,4.44
2444364,branded_food,SFS BIG DADDY'S PRIMO PB PEPP 3-3PK NET WT 23.09LBS CN,,,,
1222945,branded_food,"MAPLE GROVE FARMS OF VERMONT, ASIAGO & GARLIC DRESSING",133.0,6.67,11.67,0.0
1253417,branded_food,COHO SALMON FILLETS,177.0,0.0,11.5,17.7
1560812,branded_food,SPARKLING WATER,0.0,0.0,0.0,0.0
1270764,branded_food,ROASTED GARLIC HUMMUS,429.0,42.86,28.57,14.29
1445337,branded_food,GUMMI LOBSTERS CANDY,,,,
1294087,branded_food,"NATURALLY HICKORY SMOKED BACON, HICKORY SMOKED",500.0,0.0,38.89,44.44
1220829,branded_food,"TAHOE TWIST SODA, LEMON LIME",42.0,11.27,0.0,0.0
1872516,branded_food,"ICED COFFEE BEVERAGE, VANILLA",58.0,11.25,1.04,0.83
1880801,branded_food,"ORIGINAL 100% ORANGE JUICE FROZEN CONCENTRATE, ORIGINAL",183.0,45.0,0.0,0.0
841994,branded_food,"MADAGASCAR ORIGIN BELGIAN MILK CHOCOLATE, 32% COCOA, MADAGASCAR ORIGIN",579.0,52.63,39.47,7.89
1823241,branded_food,"PEANUT BUTTER NON-DAIRY FROZEN DESSERT, PEANUT BUTTER",177.0,32.26,8.06,1.61
1554009,branded_food,ANGUS ROAST BEEF & CHEDDAR PINWHEELS,214.0,11.45,11.45,14.5
1663953,branded_food,"POTATO CHIPS, SOUTHERN BISCUITS & GRAVY",571.0,53.57,35.71,7.14
729430,branded_food,CHOCOLATE QUICK DISSOLVING PROTEIN PAKS POWDER,351.0,10.53,3.51,70.18
2323880,branded_food,"WHEY PROTEIN ISOLATE 25 G PROTEIN POWDER, UNFLAVORED, UNFLAVORED",,,,
2330605,branded_food,"HARISSA NORTH AFRICAN CHILLI PASTE, HARISSA",,,,
1951795,branded_food,"VANILLA SANDWICH COOKIES, VANILLA",486.0,72.97,18.92,5.41
646996,branded_food,"CITRUS SMOOTHIES, CHERRY BERRY CITRUS, CHERRY BERRY CITRUS",67.0,15.42,0.0,0.83
2624842,branded_food,HALF & HALF,117.0,3.33,10.0,3.33
1414536,branded_food,"STRAWBERRY GINGER LEMONADE FRUIT JUICE DRINK BLEND, STRAWBERRY GINGER",7.0,1.69,0.0,0.0
